{
  "metrics": {
    "accuracy": 0.7762237762237763,
    "precision": 0.7222222222222222,
    "recall": 0.6964285714285714,
    "f1_score": 0.7090909090909091,
    "roc_auc": 0.795566502463054,
    "cv_mean": 0.812001242043161,
    "cv_std": 0.024853251452191253
  },
  "feature_importance": {
    "Age": 0.20135130243673233,
    "SibSp": 0.04602900729712275,
    "Parch": 0.037867212708981884,
    "Fare": 0.2237161343437608,
    "Embarked_C": 0.014443236895544892,
    "Embarked_Q": 0.01286212485099396,
    "Embarked_S": 0.018570740864046007,
    "Sex_female": 0.16345762832592306,
    "Sex_male": 0.17488896373365703,
    "Class_1": 0.032478870404920035,
    "Class_2": 0.01949588606736476,
    "Class_3": 0.054838892070952557
  },
  "training_info": {
    "timestamp": 1752516521.9107351,
    "memory_usage": [
      {
        "stage": "data_loading",
        "memory_mb": 144.55859375,
        "timestamp": 1752516520.980214
      },
      {
        "stage": "preprocessing",
        "memory_mb": 144.90234375,
        "timestamp": 1752516520.984175
      },
      {
        "stage": "training",
        "memory_mb": 145.48828125,
        "timestamp": 1752516520.9892206
      },
      {
        "stage": "saving",
        "memory_mb": 150.9140625,
        "timestamp": 1752516521.8839245
      }
    ],
    "total_time": 0.9305799007415771
  }
}