{
  "metrics": {
    "accuracy": 0.7972027972027972,
    "precision": 0.7547169811320755,
    "recall": 0.7142857142857143,
    "f1_score": 0.7339449541284404,
    "roc_auc": 0.8144499178981937,
    "cv_mean": 0.8084614190343113,
    "cv_std": 0.02486896795471374
  },
  "feature_importance": {
    "Age": 0.046036233215067265,
    "SibSp": 0.01836414910566676,
    "Parch": 0.010911834904097417,
    "Fare": 0.04609819356691451,
    "AgeMissing": 0.007423638753623736,
    "HasCabin": 0.024352869129080655,
    "IsAlone": 0.009107780601374151,
    "FamilySize": 0.02482546821323124,
    "FarePerPerson": 0.053647310630956985,
    "Embarked_C": 0.008702084595025084,
    "Embarked_Q": 0.009214621843654524,
    "Embarked_S": 0.011753767628963668,
    "Sex_female": 0.07895095155041018,
    "Sex_male": 0.1946707983348409,
    "Pclass_1": 0.013255379672119684,
    "Pclass_2": 0.010967422630297112,
    "Pclass_3": 0.04308780850385545,
    "Title_Master": 0.016095033575438504,
    "Title_Miss": 0.024256963943888946,
    "Title_Mr": 0.11062213291025397,
    "Title_Mrs": 0.013812528996909618,
    "Title_Rare": 0.020919979827965174,
    "CabinLetter_A": 0.00818992718983436,
    "CabinLetter_B": 0.007941559919428758,
    "CabinLetter_C": 0.00581273457066545,
    "CabinLetter_D": 0.006381103996791581,
    "CabinLetter_E": 0.007252313225183337,
    "CabinLetter_F": 0.0005272903091060296,
    "CabinLetter_G": 0.00035842724317180157,
    "CabinLetter_T": 0.00034862926658049714,
    "CabinLetter_Unknown": 0.02375973129254954,
    "TicketPrefix_A": 0.004650496291358377,
    "TicketPrefix_C": 0.001089110149891479,
    "TicketPrefix_CA": 0.0008524791604578388,
    "TicketPrefix_F": 0.0003334938833842199,
    "TicketPrefix_Fa": 1.4500001394697302e-06,
    "TicketPrefix_LINE": 2.0814025681261446e-05,
    "TicketPrefix_None": 0.01095908276847778,
    "TicketPrefix_P": 2.1378456664758096e-05,
    "TicketPrefix_PC": 0.007202636031608579,
    "TicketPrefix_PP": 0.0005177255766282956,
    "TicketPrefix_S": 0.0003783281179420568,
    "TicketPrefix_SC": 0.0009810562750477135,
    "TicketPrefix_SCO": 2.2700571292920306e-06,
    "TicketPrefix_SO": 9.924592295966154e-05,
    "TicketPrefix_SOTON": 0.004190098365525915,
    "TicketPrefix_STON": 0.009150796723348018,
    "TicketPrefix_SW": 0.0,
    "TicketPrefix_W": 0.0013389328143561727,
    "TicketPrefix_WE": 7.971660442716106e-07,
    "AgeBin_0.0": 0.009197333196292293,
    "AgeBin_1.0": 0.010403542394967113,
    "AgeBin_2.0": 0.012405087330935441,
    "AgeBin_3.0": 0.022731701246629918,
    "FareBin_0": 0.005468378894108729,
    "FareBin_1": 0.01596030729228959,
    "FareBin_2": 0.010553091727712474,
    "FareBin_3": 0.013841661011137941
  },
  "training_info": {
    "timestamp": 1752527046.5704565,
    "memory_usage": [
      {
        "stage": "data_loading",
        "memory_mb": 172.82421875,
        "timestamp": 1752527044.7147417
      },
      {
        "stage": "preprocessing",
        "memory_mb": 173.6328125,
        "timestamp": 1752527044.7184687
      },
      {
        "stage": "training",
        "memory_mb": 174.87109375,
        "timestamp": 1752527044.7380486
      },
      {
        "stage": "saving",
        "memory_mb": 279.9765625,
        "timestamp": 1752527046.456321
      }
    ],
    "total_time": 1.8557708263397217
  }
}